hepatitis B,,,,,,,,,,,,,
 Brooks-Gelman-Rubin (BGR) ratio,,mean,sd,MC_error,val2.5pc,val5.0pc,val10.0pc,val25.0pc,median,val75.0pc,val90.0pc,val95.0pc,val97.5pc
1.01,a[1],1.223,0.09807,0.004334,1.047,1.072,1.1,1.153,1.217,1.287,1.352,1.392,1.428
1.014,a[2],1.165,0.06618,0.002717,1.045,1.062,1.083,1.119,1.162,1.209,1.252,1.279,1.302
1.008,a[3],1.158,0.05755,0.001926,1.051,1.067,1.085,1.118,1.156,1.195,1.233,1.256,1.275
1.004,a[4],0.9902,0.02723,6.74E-04,0.9386,0.9461,0.9555,0.9715,0.9897,1.008,1.025,1.036,1.045
0.9997,a[5],0.9382,0.02158,2.22E-04,0.8967,0.9033,0.9108,0.9236,0.938,0.9526,0.9661,0.9743,0.9814
1.002,a[6],0.8938,0.027,8.20E-04,0.8416,0.8498,0.8591,0.8753,0.8936,0.9119,0.9286,0.9385,0.9472
1.01,a[7],0.8692,0.03675,0.001416,0.7984,0.809,0.8218,0.8439,0.8691,0.8943,0.9164,0.9296,0.9409
1.012,a[8],0.9194,0.05193,0.002123,0.8201,0.8356,0.853,0.8837,0.9191,0.9546,0.9859,1.005,1.022
1.01,a[9],0.9251,0.06811,0.002888,0.7958,0.8155,0.8383,0.8778,0.9243,0.9708,1.013,1.038,1.06
0.9982,b1[1],-0.01545,0.02118,4.86E-04,-0.05696,-0.05025,-0.04261,-0.02971,-0.01543,-0.001126,0.01163,0.01917,0.02606
0.9999,b1[2],0.01302,0.02022,3.47E-04,-0.02637,-0.02009,-0.01266,-6.56E-04,0.01295,0.02655,0.03878,0.04641,0.05296
1.004,b1[3],-0.01008,0.02145,5.33E-04,-0.05172,-0.04506,-0.03729,-0.02453,-0.01017,0.004195,0.01735,0.02532,0.03257
1.004,b1[4],-0.02901,0.02245,5.51E-04,-0.07278,-0.06562,-0.05762,-0.04413,-0.02904,-0.01393,-2.63E-04,0.007863,0.01494
1,b1[5],-0.03376,0.02129,5.05E-04,-0.07525,-0.06883,-0.06075,-0.048,-0.03389,-0.01938,-0.006525,0.001266,0.008239
0.9997,b1[6],0.02286,0.02513,8.35E-04,-0.02577,-0.01812,-0.009182,0.005807,0.02263,0.0396,0.05516,0.06482,0.07318
1.001,b1[7],-0.06274,0.0201,3.46E-04,-0.1022,-0.09552,-0.08793,-0.07612,-0.06297,-0.04941,-0.03695,-0.02942,-0.02274
0.998,b1[8],-0.1721,0.02221,5.95E-04,-0.2159,-0.2088,-0.2006,-0.1871,-0.1721,-0.1571,-0.144,-0.1359,-0.1288
1.001,b1[9],-0.06841,0.01995,3.48E-04,-0.1073,-0.1009,-0.09377,-0.08185,-0.06845,-0.05515,-0.04292,-0.03553,-0.02913
1.001,b1[10],-0.04385,0.02018,3.64E-04,-0.08327,-0.07687,-0.06941,-0.05735,-0.044,-0.03049,-0.01791,-0.01037,-0.003921
1.004,b1[11],0.1154,0.02002,3.30E-04,0.07612,0.08245,0.08991,0.1019,0.1155,0.1287,0.1409,0.1483,0.1549
0.9992,b1[12],-0.03307,0.02178,5.01E-04,-0.076,-0.0689,-0.06093,-0.04747,-0.03301,-0.01856,-0.005315,0.002666,0.009684
1.001,b1[13],-0.1015,0.02046,3.78E-04,-0.1414,-0.1348,-0.1274,-0.1152,-0.1016,-0.08783,-0.07524,-0.06752,-0.06089
1.001,b1[14],0.006596,0.02108,4.88E-04,-0.03441,-0.02803,-0.02036,-0.007622,0.00644,0.02069,0.03368,0.04136,0.04844
0.9989,b1[15],-0.008071,0.03044,0.001201,-0.06652,-0.05773,-0.04719,-0.02927,-0.008355,0.01276,0.03142,0.04263,0.05161
1,b1[16],0.1726,0.02221,5.12E-04,0.1295,0.1367,0.1446,0.1578,0.1723,0.1873,0.2013,0.2097,0.2168
0.9978,b1[17],0.04815,0.02324,6.88E-04,0.002612,0.009859,0.01829,0.03239,0.04817,0.06386,0.07811,0.08658,0.09356
1.002,b1[18],0.06098,0.02026,3.68E-04,0.02147,0.02771,0.03519,0.04737,0.06094,0.07444,0.08712,0.09446,0.1011
1.002,b1[19],-0.006444,0.02058,4.19E-04,-0.04726,-0.0403,-0.03272,-0.0202,-0.006471,0.007482,0.01976,0.02719,0.03405
1.002,b1[20],-0.05078,0.02097,4.61E-04,-0.09225,-0.0854,-0.07777,-0.06472,-0.05062,-0.03662,-0.02415,-0.01652,-0.009882
1.001,b1[21],0.05004,0.02007,3.69E-04,0.01073,0.01729,0.02461,0.03651,0.04994,0.06341,0.07568,0.08317,0.08981
0.9993,b1[22],0.04312,0.02079,4.36E-04,0.002932,0.009468,0.01672,0.02898,0.04296,0.05677,0.06995,0.07772,0.08486
0.9988,b1[23],-0.07832,0.02135,4.94E-04,-0.1205,-0.1137,-0.1059,-0.09245,-0.0782,-0.06398,-0.05115,-0.04339,-0.03638
1.001,b1[24],-0.02557,0.02092,4.71E-04,-0.0668,-0.06007,-0.05233,-0.03955,-0.02555,-0.01155,0.001012,0.008861,0.01556
1.002,b1[25],0.01033,0.02097,4.57E-04,-0.03091,-0.0243,-0.01672,-0.003784,0.01048,0.02437,0.03696,0.04471,0.05159
0.9996,b1[26],0.05722,0.0204,3.68E-04,0.01752,0.02377,0.03134,0.04354,0.05704,0.07071,0.08332,0.09088,0.09785
0.9997,b1[27],0.03047,0.02158,5.35E-04,-0.01212,-0.005096,0.0028,0.0159,0.03057,0.04518,0.05784,0.06564,0.07222
1.001,b1[28],0.0496,0.0219,4.72E-04,0.007147,0.01399,0.02177,0.03472,0.04937,0.06416,0.07791,0.08595,0.09294
0.9977,b1[29],0.003662,0.02001,3.12E-04,-0.03556,-0.02929,-0.022,-0.00965,0.00365,0.01708,0.02927,0.03647,0.04314
1.002,b1[30],0.1118,0.03198,0.001308,0.05089,0.05969,0.07052,0.08941,0.1114,0.1336,0.1534,0.1652,0.1752
1.001,b1[31],-0.04648,0.02069,4.41E-04,-0.08658,-0.08022,-0.07283,-0.06031,-0.04663,-0.03281,-0.01976,-0.01217,-0.005555
1.018,beta1,1.47E-06,1.19E-06,6.07E-08,-6.53E-07,-4.00E-07,-7.79E-08,5.81E-07,1.41E-06,2.30E-06,3.10E-06,3.49E-06,3.80E-06
0.9999,beta2,0.02543,0.008394,3.49E-04,0.009444,0.01189,0.01483,0.01953,0.02534,0.03098,0.03624,0.03957,0.04253
0.9551,beta3,0.0109,0.01076,5.76E-04,-0.008535,-0.007043,-0.00461,0.003369,0.01029,0.01944,0.02529,0.02859,0.03152
0.9991,beta4,-8.71E-05,2.20E-04,1.12E-05,-5.57E-04,-4.51E-04,-3.67E-04,-2.21E-04,-7.91E-05,4.99E-05,1.82E-04,2.67E-04,3.41E-04
0.9998,beta5,-0.002356,0.002272,3.34E-05,-0.006853,-0.006117,-0.00529,-0.003876,-0.002339,-8.15E-04,5.31E-04,0.001361,0.002081
0.9956,beta6,0.02741,0.003935,1.57E-04,0.01961,0.02087,0.0223,0.02478,0.02748,0.03018,0.0324,0.03372,0.0348
1.002,beta7,-0.00872,0.01719,7.86E-04,-0.04347,-0.03763,-0.03105,-0.02007,-0.008702,0.002716,0.01331,0.02047,0.02565
1.012,beta8,-3.51E-06,3.62E-06,1.85E-07,-1.06E-05,-9.62E-06,-8.38E-06,-6.09E-06,-3.21E-06,-9.86E-07,9.48E-07,2.08E-06,3.35E-06
0.9958,r[1],0.682,0.1972,0.004969,0.3984,0.4318,0.4698,0.5392,0.641,0.7919,0.9688,1.043,1.129
1.002,r[2],1.181,0.2956,0.007468,0.7075,0.7686,0.8462,0.9797,1.144,1.346,1.561,1.713,1.855
0.9989,r[3],1.386,0.3769,0.01051,0.81,0.8705,0.9411,1.07,1.34,1.669,1.9,2.03,2.154
1.001,r[4],0.7485,0.1875,0.004598,0.464,0.4998,0.5413,0.6113,0.7164,0.8598,1.002,1.083,1.168
1.001,r[5],0.8705,0.195,0.004297,0.5471,0.5914,0.6441,0.7351,0.8509,0.9855,1.113,1.214,1.315
1,r[6],0.5333,0.208,0.007445,0.2475,0.2743,0.3089,0.3832,0.4845,0.6414,0.8456,0.9709,1.02
1.001,r[7],1.35,0.3768,0.01112,0.7848,0.8479,0.9273,1.053,1.294,1.588,1.858,2.038,2.191
0.9961,r[8],0.9148,0.1886,0.003988,0.6075,0.6439,0.6894,0.7773,0.9016,1.022,1.153,1.247,1.338
1.001,r[9],1.031,0.163,0.002117,0.7517,0.794,0.8446,0.9259,1.01,1.117,1.241,1.327,1.41
1.006,r[10],1.01,0.1841,0.00457,0.6959,0.7396,0.7919,0.8865,0.9923,1.115,1.253,1.34,1.42
0.9998,r[11],0.9744,0.2061,0.004874,0.612,0.6638,0.7255,0.8366,0.9642,1.091,1.233,1.333,1.432
1.001,r[12],1.038,0.1997,0.004733,0.7011,0.7479,0.8044,0.9067,1.013,1.15,1.296,1.397,1.491
1.001,r[13],1.164,0.279,0.006814,0.7178,0.7785,0.8515,0.9753,1.125,1.315,1.528,1.673,1.818
0.9984,r[14],1.075,0.2471,0.006647,0.6868,0.7338,0.7896,0.8945,1.024,1.239,1.441,1.529,1.605
0.9982,r[15],0.468,0.2189,0.008118,0.1912,0.2141,0.2442,0.3061,0.4089,0.5781,0.7979,0.9486,1.007
1.007,r[16],0.8845,0.2371,0.006504,0.484,0.5358,0.5978,0.7153,0.8697,1.02,1.181,1.297,1.413
1.001,r[17],0.6628,0.245,0.007972,0.3252,0.347,0.3763,0.4565,0.6188,0.8428,1.008,1.086,1.171
1.003,r[18],1.098,0.1962,0.003554,0.752,0.8032,0.8651,0.9685,1.081,1.215,1.346,1.438,1.53
1.009,r[19],1.36,0.3163,0.009463,0.8801,0.9348,0.991,1.108,1.32,1.567,1.798,1.931,2.04
1,r[20],0.9439,0.2174,0.005454,0.6014,0.6391,0.6884,0.7808,0.9251,1.071,1.229,1.336,1.435
1.001,r[21],1.49,0.338,0.00897,0.9518,0.9944,1.051,1.227,1.472,1.732,1.931,2.054,2.175
1.002,r[22],1.232,0.2342,0.005054,0.8582,0.9116,0.969,1.063,1.204,1.369,1.536,1.655,1.767
1,r[23],0.7922,0.2103,0.005012,0.4695,0.5022,0.5407,0.6307,0.7636,0.9375,1.067,1.159,1.247
1.001,r[24],1.025,0.1986,0.003885,0.6889,0.7355,0.7949,0.8936,1.004,1.133,1.279,1.381,1.478
0.999,r[25],1.968,0.6266,0.01786,0.9846,1.023,1.146,1.462,1.938,2.428,2.797,3.023,3.22
0.9989,r[26],1.326,0.297,0.007096,0.8459,0.9062,0.9764,1.098,1.3,1.517,1.708,1.839,1.969
1.006,r[27],1.611,0.3834,0.009908,0.9854,1.017,1.111,1.328,1.593,1.863,2.109,2.266,2.414
1.003,r[28],1.674,0.5162,0.01221,0.9098,0.9871,1.079,1.323,1.605,1.936,2.321,2.61,2.902
1.001,r[29],1.112,0.2032,0.002619,0.7668,0.82,0.8808,0.9813,1.088,1.223,1.369,1.475,1.581
0.9966,r[30],1.092,0.5198,0.02079,0.3789,0.4547,0.5535,0.7609,1.004,1.298,1.707,2.06,2.461
1.005,r[31],0.9332,0.1823,0.004342,0.6073,0.6517,0.7043,0.8073,0.9306,1.039,1.16,1.244,1.327
1.022,r1,1,1.06E-06,6.07E-08,1,1,1,1,1,1,1,1,1
0.999,r2,1.026,0.008614,3.58E-04,1.009,1.012,1.015,1.02,1.026,1.031,1.037,1.04,1.043
0.9562,r3,1.011,0.01088,5.83E-04,0.9915,0.993,0.9954,1.003,1.01,1.02,1.026,1.029,1.032
0.9991,r4,0.9999,2.20E-04,1.12E-05,0.9994,0.9995,0.9996,0.9998,0.9999,1,1,1,1
0.9998,r5,0.9976,0.002267,3.33E-05,0.9932,0.9939,0.9947,0.9961,0.9977,0.9992,1.001,1.001,1.002
0.9955,r6,1.028,0.004044,1.61E-04,1.02,1.021,1.023,1.025,1.028,1.031,1.033,1.034,1.035
1.002,r7,0.9915,0.01705,7.80E-04,0.9575,0.9631,0.9694,0.9801,0.9913,1.003,1.013,1.021,1.026
1.016,r8,1,3.61E-06,1.85E-07,1,1,1,1,1,1,1,1,1
0.9971,s[1],-0.4217,0.2766,0.006986,-0.9204,-0.8397,-0.7554,-0.6177,-0.4448,-0.2333,-0.03165,0.04207,0.1213
1.002,s[2],0.1369,0.2438,0.006082,-0.346,-0.2632,-0.167,-0.02051,0.1342,0.2973,0.4453,0.5384,0.618
0.9989,s[3],0.2896,0.2729,0.007587,-0.2107,-0.1387,-0.06067,0.0678,0.2926,0.5125,0.642,0.7081,0.7675
1,s[4],-0.3195,0.2429,0.006,-0.7678,-0.6935,-0.6138,-0.4921,-0.3335,-0.151,0.002041,0.0795,0.1551
1,s[5],-0.163,0.2204,0.004958,-0.6032,-0.5252,-0.4399,-0.3078,-0.1615,-0.01463,0.1075,0.1942,0.2736
1.003,s[6],-0.6998,0.3752,0.01377,-1.396,-1.293,-1.175,-0.9591,-0.7246,-0.4441,-0.1677,-0.02952,0.01988
1.001,s[7],0.2624,0.2734,0.007947,-0.2424,-0.165,-0.07553,0.05159,0.258,0.4623,0.6194,0.7121,0.7843
0.9959,s[8],-0.1096,0.2026,0.004462,-0.4985,-0.4402,-0.3719,-0.2519,-0.1035,0.02183,0.1427,0.2204,0.2908
1.001,s[9],0.01834,0.1546,0.001965,-0.2855,-0.2307,-0.1688,-0.07699,0.01041,0.1104,0.2156,0.2832,0.3435
1.005,s[10],-0.006286,0.1798,0.004386,-0.3626,-0.3016,-0.2333,-0.1205,-0.007718,0.1093,0.2257,0.2925,0.3507
1,s[11],-0.04812,0.2122,0.005133,-0.4911,-0.4098,-0.3209,-0.1784,-0.03647,0.08726,0.2094,0.2874,0.3589
1,s[12],0.01914,0.1891,0.004568,-0.3552,-0.2905,-0.2176,-0.09797,0.01271,0.1394,0.2594,0.3341,0.3997
1,s[13],0.1244,0.2328,0.005548,-0.3316,-0.2504,-0.1607,-0.02503,0.1175,0.274,0.4242,0.5149,0.5977
0.9992,s[14],0.0467,0.2265,0.005811,-0.3758,-0.3095,-0.2362,-0.1115,0.02383,0.2146,0.3655,0.4248,0.4734
0.9981,s[15],-0.8592,0.4431,0.01686,-1.654,-1.541,-1.41,-1.184,-0.8943,-0.5479,-0.2258,-0.05277,0.007295
1.005,s[16],-0.1584,0.2698,0.00763,-0.7257,-0.6239,-0.5145,-0.335,-0.1396,0.02,0.1668,0.2601,0.3459
1.002,s[17],-0.4793,0.3709,0.01249,-1.123,-1.058,-0.9774,-0.7841,-0.48,-0.1711,0.007555,0.08237,0.1582
1.002,s[18],0.07762,0.1779,0.003249,-0.285,-0.2192,-0.1449,-0.03197,0.07799,0.1951,0.2972,0.3634,0.425
1.008,s[19],0.281,0.2295,0.006822,-0.1278,-0.06747,-0.009013,0.1024,0.2776,0.4493,0.5866,0.658,0.7129
1,s[20],-0.08339,0.226,0.005942,-0.5085,-0.4477,-0.3734,-0.2475,-0.07786,0.06847,0.206,0.2896,0.3615
1.001,s[21],0.373,0.2288,0.006256,-0.0494,-0.005591,0.0495,0.2044,0.3864,0.5492,0.6579,0.7199,0.7771
1.002,s[22],0.1916,0.1851,0.004057,-0.1529,-0.09259,-0.03146,0.06089,0.1854,0.3141,0.4294,0.5037,0.5693
1.001,s[23],-0.2676,0.2633,0.006589,-0.7561,-0.6887,-0.6149,-0.4609,-0.2697,-0.06451,0.06459,0.1474,0.2203
1.001,s[24],0.006571,0.19,0.003768,-0.3727,-0.3072,-0.2296,-0.1125,0.003738,0.1251,0.2461,0.3226,0.3909
0.9978,s[25],0.6239,0.3325,0.009836,-0.0155,0.02299,0.136,0.3795,0.6619,0.8871,1.028,1.106,1.169
0.9993,s[26],0.2574,0.2223,0.00536,-0.1674,-0.09847,-0.02388,0.09376,0.2626,0.4166,0.5355,0.6091,0.6776
1.004,s[27],0.4484,0.2406,0.006522,-0.01473,0.01676,0.1049,0.2837,0.4656,0.6223,0.7464,0.8182,0.8814
1.004,s[28],0.471,0.2964,0.007181,-0.0945,-0.013,0.07591,0.2796,0.4729,0.6607,0.8421,0.9593,1.065
1.001,s[29],0.08968,0.1786,0.002287,-0.2655,-0.1985,-0.127,-0.01886,0.08398,0.2012,0.3143,0.3886,0.4583
0.9988,s[30],-0.0134,0.4561,0.0194,-0.9706,-0.788,-0.5915,-0.2733,0.003836,0.2605,0.5346,0.7228,0.9004
1.006,s[31],-0.08827,0.1973,0.004892,-0.4987,-0.4281,-0.3506,-0.2141,-0.07191,0.03852,0.1483,0.2185,0.2829
,,,,,,,,,,,,,
hepatitis B,,,,,,,,,,,,,
 Brooks-Gelman-Rubin (BGR) ratio,,mean,sd,MC_error,val2.5pc,val5.0pc,val10.0pc,val25.0pc,median,val75.0pc,val90.0pc,val95.0pc,val97.5pc
1.01,a[1],0.636,0.04355,0.00202,0.5576,0.5689,0.5819,0.6053,0.6336,0.664,0.6934,0.7114,0.7281
1.011,a[2],0.7572,0.03631,0.001576,0.6909,0.7002,0.7117,0.7319,0.7556,0.7806,0.8045,0.8195,0.8327
1.009,a[3],0.8809,0.03808,0.001296,0.8098,0.8205,0.8328,0.8546,0.8801,0.906,0.9301,0.9452,0.9586
1.012,a[4],0.9771,0.02333,5.76E-04,0.9328,0.9398,0.9476,0.9612,0.9766,0.9925,1.007,1.016,1.024
1.001,a[5],1.074,0.02262,2.53E-04,1.03,1.037,1.045,1.059,1.074,1.089,1.103,1.112,1.12
1.02,a[6],1.17,0.03075,9.12E-04,1.11,1.12,1.131,1.149,1.17,1.191,1.209,1.221,1.231
1.014,a[7],1.204,0.04317,0.001715,1.12,1.134,1.15,1.175,1.204,1.233,1.26,1.276,1.29
1.012,a[8],1.238,0.05912,0.002568,1.124,1.141,1.162,1.198,1.237,1.277,1.314,1.336,1.356
1.006,a[9],1.299,0.08063,0.003668,1.144,1.169,1.196,1.244,1.298,1.353,1.405,1.433,1.459
1.003,b1[1],-0.09887,0.01761,4.00E-04,-0.133,-0.1276,-0.1213,-0.1107,-0.09912,-0.08698,-0.0762,-0.06966,-0.06402
1.002,b1[2],-0.05344,0.01675,2.77E-04,-0.0863,-0.08093,-0.07467,-0.06466,-0.05342,-0.04212,-0.03217,-0.02598,-0.02044
1.003,b1[3],-0.02348,0.01731,3.96E-04,-0.05755,-0.052,-0.04563,-0.0351,-0.02356,-0.01184,-0.0013,0.005127,0.01043
1.007,b1[4],-0.131,0.01717,3.31E-04,-0.1646,-0.1591,-0.1529,-0.1427,-0.1311,-0.1195,-0.109,-0.1026,-0.09719
1.002,b1[5],-0.02481,0.01786,4.45E-04,-0.05955,-0.054,-0.04763,-0.0369,-0.0248,-0.01281,-0.002034,0.004567,0.01039
1.039,b1[6],0.03006,0.02038,6.54E-04,-0.009648,-0.003327,0.00407,0.01638,0.02984,0.04356,0.05628,0.06397,0.07052
1.001,b1[7],0.02184,0.01803,3.82E-04,-0.01371,-0.007638,-0.001157,0.009787,0.02189,0.03391,0.04481,0.05157,0.05714
1.006,b1[8],-0.006757,0.02082,6.19E-04,-0.04799,-0.04123,-0.0336,-0.02062,-0.006643,0.007319,0.01964,0.02719,0.0339
1.006,b1[9],0.03088,0.01622,2.62E-04,-0.00116,0.00427,0.01014,0.02018,0.03087,0.04161,0.05157,0.05764,0.06266
1.008,b1[10],-0.02068,0.0166,3.22E-04,-0.05313,-0.04798,-0.04193,-0.0318,-0.02075,-0.009694,4.92E-04,0.006682,0.01211
1.009,b1[11],0.06486,0.01714,3.24E-04,0.03134,0.03694,0.04314,0.05335,0.06478,0.07629,0.08691,0.09314,0.09857
1.005,b1[12],-0.07158,0.01816,4.02E-04,-0.108,-0.1018,-0.09489,-0.08351,-0.07141,-0.05954,-0.04849,-0.04185,-0.03635
1.004,b1[13],0.0337,0.01718,3.17E-04,-2.75E-05,0.005568,0.01181,0.0221,0.03365,0.04522,0.05571,0.062,0.06744
1.017,b1[14],0.009353,0.0169,3.55E-04,-0.02375,-0.01848,-0.01217,-0.001886,0.009252,0.02052,0.03084,0.03721,0.04297
1.051,b1[15],-0.1007,0.02458,9.42E-04,-0.1478,-0.1407,-0.1318,-0.1175,-0.1011,-0.08451,-0.06942,-0.06022,-0.05161
1.007,b1[16],0.06055,0.01893,4.62E-04,0.02294,0.02912,0.03641,0.048,0.06056,0.07313,0.08462,0.09189,0.09791
1.014,b1[17],0.04587,0.01971,6.11E-04,0.006618,0.01299,0.02047,0.03266,0.04619,0.05928,0.07084,0.07785,0.08366
1.002,b1[18],0.03435,0.01713,3.56E-04,7.58E-04,0.006478,0.01255,0.02276,0.03439,0.04589,0.05611,0.06228,0.06802
1.005,b1[19],0.03015,0.01749,4.04E-04,-0.004036,0.001516,0.007892,0.01841,0.03008,0.04182,0.0524,0.05919,0.0649
1.01,b1[20],-0.008504,0.0174,3.83E-04,-0.0433,-0.0376,-0.03094,-0.02002,-0.008287,0.003382,0.01349,0.01968,0.02499
1.001,b1[21],-0.00886,0.01626,2.56E-04,-0.04103,-0.03571,-0.02968,-0.01957,-0.008779,0.001992,0.01176,0.01774,0.02295
1.001,b1[22],0.02168,0.01692,3.30E-04,-0.01225,-0.00631,2.62E-04,0.01046,0.02166,0.03297,0.04319,0.04939,0.05466
1.012,b1[23],0.01646,0.01713,3.62E-04,-0.01695,-0.0116,-0.005241,0.004922,0.0164,0.02798,0.03832,0.04477,0.05052
1.014,b1[24],0.02744,0.0174,3.91E-04,-0.006653,-8.70E-04,0.005584,0.01572,0.02731,0.03916,0.04986,0.05602,0.06123
1.002,b1[25],-0.008977,0.0176,3.99E-04,-0.04354,-0.03795,-0.03149,-0.02071,-0.008822,0.002673,0.01328,0.0199,0.02559
1,b1[26],-0.0823,0.01689,3.04E-04,-0.1159,-0.1104,-0.1041,-0.09348,-0.08216,-0.07094,-0.06062,-0.05471,-0.04951
1.007,b1[27],-0.01112,0.01738,3.91E-04,-0.04495,-0.03939,-0.03311,-0.02278,-0.01147,4.45E-04,0.01124,0.01781,0.02331
1.006,b1[28],0.03262,0.01806,3.69E-04,-0.003175,0.002596,0.009417,0.02047,0.03288,0.04479,0.05573,0.06211,0.06745
1.003,b1[29],0.02579,0.01655,2.83E-04,-0.007082,-0.001562,0.004549,0.01482,0.02601,0.03689,0.04659,0.05278,0.05816
1.062,b1[30],0.1644,0.02574,0.00102,0.1158,0.1231,0.1318,0.1468,0.1638,0.1813,0.1975,0.2077,0.2169
1.022,b1[31],-0.002741,0.01686,3.54E-04,-0.03626,-0.03073,-0.02424,-0.01391,-0.002608,0.008632,0.01867,0.02495,0.02998
0.9994,beta1,1.06E-06,1.16E-06,5.96E-08,-1.45E-06,-9.82E-07,-4.09E-07,3.64E-07,1.08E-06,1.83E-06,2.58E-06,2.92E-06,3.17E-06
1.03,beta2,-0.03183,0.007902,3.18E-04,-0.04709,-0.04453,-0.04162,-0.0373,-0.03207,-0.02642,-0.02139,-0.01868,-0.01645
1.094,beta3,0.004989,0.008027,4.28E-04,-0.007851,-0.006337,-0.003977,-2.47E-04,0.003569,0.008774,0.01726,0.02169,0.02417
1.012,beta4,-9.65E-05,2.30E-04,1.18E-05,-5.75E-04,-4.68E-04,-3.86E-04,-2.54E-04,-9.90E-05,6.35E-05,2.13E-04,2.89E-04,3.46E-04
0.9998,beta5,0.001789,0.002036,3.10E-05,-0.002208,-0.001541,-8.11E-04,4.24E-04,0.001794,0.003148,0.004399,0.00514,0.005783
1.005,beta6,0.003866,6.29E-04,2.40E-05,0.002699,0.002858,0.003058,0.003421,0.003856,0.004287,0.004682,0.004922,0.005132
1.001,beta7,-0.002242,0.01669,7.74E-04,-0.03696,-0.0302,-0.02368,-0.01309,-0.001645,0.00917,0.01806,0.02387,0.02968
1.015,beta8,-8.45E-06,3.09E-06,1.58E-07,-1.45E-05,-1.35E-05,-1.24E-05,-1.06E-05,-8.46E-06,-6.21E-06,-4.35E-06,-3.44E-06,-2.76E-06
1.002,r[1],1.208,0.3455,0.006685,0.7378,0.8072,0.8833,0.9906,1.118,1.361,1.656,1.868,2.079
0.9936,r[2],1.405,0.517,0.01673,0.8368,0.8936,0.9523,1.022,1.232,1.642,2.14,2.459,2.741
0.9993,r[3],1.119,0.2427,0.0043,0.7597,0.8168,0.8826,0.9754,1.056,1.225,1.437,1.594,1.737
1,r[4],1.423,0.4945,0.01501,0.8597,0.9127,0.9674,1.038,1.276,1.683,2.131,2.393,2.646
0.9987,r[5],1.25,0.3466,0.008329,0.8036,0.8638,0.9288,1.004,1.154,1.42,1.716,1.923,2.122
1.001,r[6],0.8336,0.259,0.007616,0.3599,0.4143,0.4885,0.6418,0.8504,1.002,1.125,1.234,1.357
0.9991,r[7],1.349,0.4614,0.01519,0.8396,0.8943,0.9504,1.015,1.195,1.547,2.008,2.319,2.582
0.9967,r[8],1.372,0.4629,0.01634,0.9033,0.944,0.981,1.03,1.215,1.567,2.016,2.351,2.629
0.9992,r[9],1.147,0.2256,0.005847,0.8509,0.896,0.9421,0.9986,1.079,1.252,1.46,1.599,1.725
1,r[10],1.294,0.354,0.01142,0.9083,0.9452,0.9808,1.026,1.181,1.457,1.794,2.02,2.219
1.001,r[11],0.7577,0.2308,0.008102,0.3155,0.3585,0.4241,0.5757,0.7827,0.9608,1.019,1.062,1.113
0.9939,r[12],1.08,0.245,0.005741,0.7381,0.7914,0.8524,0.9463,1.016,1.153,1.389,1.58,1.761
1.001,r[13],1.176,0.2954,0.006562,0.7664,0.8294,0.8979,0.9904,1.095,1.309,1.566,1.751,1.936
0.9994,r[14],0.9503,0.1612,0.002611,0.6348,0.6814,0.7396,0.849,0.9659,1.034,1.134,1.211,1.289
1.002,r[15],0.8895,0.2588,0.006969,0.4162,0.4784,0.5558,0.7118,0.9028,1.028,1.182,1.31,1.451
0.9992,r[16],0.887,0.2439,0.005188,0.3746,0.4425,0.5403,0.7334,0.9295,1.027,1.151,1.25,1.344
0.9961,r[17],0.7556,0.2241,0.008068,0.3535,0.3926,0.4456,0.5711,0.7654,0.9529,1.017,1.064,1.122
1.001,r[18],0.8381,0.1709,0.004823,0.5029,0.5468,0.6027,0.7097,0.8526,0.9792,1.026,1.072,1.124
1.001,r[19],0.9539,0.1612,0.002306,0.6376,0.6873,0.7482,0.8568,0.9665,1.032,1.134,1.217,1.303
0.9985,r[20],0.7916,0.1967,0.006568,0.4272,0.4693,0.5235,0.6353,0.7999,0.9618,1.02,1.068,1.121
1,r[21],0.8049,0.1947,0.006094,0.4168,0.4589,0.5228,0.6585,0.8291,0.9706,1.02,1.062,1.11
0.9986,r[22],1.008,0.1752,0.002301,0.6928,0.7455,0.8082,0.9092,0.9968,1.082,1.22,1.324,1.426
0.9911,r[23],1.125,0.2736,0.00713,0.732,0.7928,0.8633,0.9662,1.051,1.237,1.484,1.663,1.839
1.001,r[24],1.063,0.2134,0.004085,0.7142,0.7732,0.8397,0.9428,1.02,1.156,1.336,1.466,1.593
0.9983,r[25],0.8055,0.2088,0.005752,0.423,0.4658,0.5218,0.6426,0.8166,0.9748,1.041,1.107,1.18
0.997,r[26],1.128,0.2711,0.006402,0.7432,0.8005,0.8656,0.9663,1.051,1.248,1.499,1.666,1.818
1.003,r[27],1.014,0.1934,0.001751,0.6803,0.7338,0.7949,0.9012,0.9974,1.097,1.254,1.37,1.481
0.9997,r[28],1.308,0.4861,0.01169,0.6856,0.7609,0.8494,0.9861,1.167,1.54,1.963,2.252,2.537
1,r[29],1.022,0.1841,0.001585,0.6989,0.7516,0.8156,0.9197,1.002,1.101,1.247,1.356,1.468
0.997,r[30],0.866,0.3193,0.01103,0.3044,0.373,0.4671,0.6568,0.8848,1.02,1.19,1.355,1.55
0.9989,r[31],1.045,0.1868,0.003257,0.7062,0.77,0.84,0.9451,1.016,1.128,1.278,1.385,1.49
1.009,r1,1,9.93E-07,5.96E-08,1,1,1,1,1,1,1,1,1
1.031,r2,0.9687,0.007657,3.08E-04,0.954,0.9564,0.9592,0.9634,0.9684,0.9739,0.9788,0.9815,0.9837
1.093,r3,1.005,0.008091,4.32E-04,0.9922,0.9937,0.996,0.9998,1.004,1.009,1.017,1.022,1.024
1.012,r4,0.9999,2.30E-04,1.18E-05,0.9994,0.9995,0.9996,0.9997,0.9999,1,1,1,1
0.9998,r5,1.002,0.00204,3.11E-05,0.9978,0.9985,0.9992,1,1.002,1.003,1.004,1.005,1.006
1.005,r6,1.004,6.32E-04,2.41E-05,1.003,1.003,1.003,1.003,1.004,1.004,1.005,1.005,1.005
1.001,r7,0.9979,0.01664,7.71E-04,0.9637,0.9703,0.9766,0.987,0.9984,1.009,1.018,1.024,1.03
1.02,r8,1,3.10E-06,1.58E-07,1,1,1,1,1,1,1,1,1
1.002,s[1],0.1539,0.2595,0.004956,-0.304,-0.2142,-0.1241,-0.009431,0.1114,0.3084,0.5044,0.6249,0.7319
0.9964,s[2],0.2832,0.3242,0.01066,-0.1782,-0.1125,-0.04883,0.02151,0.2085,0.4958,0.761,0.8997,1.008
0.9994,s[3],0.09094,0.2017,0.003395,-0.2748,-0.2023,-0.1249,-0.02489,0.05462,0.2032,0.3625,0.4659,0.5519
0.9999,s[4],0.3009,0.3136,0.009897,-0.1511,-0.09137,-0.03314,0.03721,0.2441,0.5206,0.7565,0.8727,0.973
0.9994,s[5],0.1898,0.2519,0.006142,-0.2186,-0.1464,-0.07384,0.004377,0.1434,0.351,0.5399,0.6537,0.7525
0.9983,s[6],-0.2351,0.3386,0.01086,-1.022,-0.8812,-0.7164,-0.4434,-0.162,0.001653,0.118,0.2099,0.3055
0.9994,s[7],0.2505,0.3003,0.009958,-0.1748,-0.1117,-0.05087,0.01451,0.1783,0.4362,0.697,0.841,0.9487
0.9985,s[8],0.2696,0.2927,0.01043,-0.1017,-0.05765,-0.01923,0.02955,0.1951,0.4492,0.7011,0.855,0.9665
1,s[9],0.1204,0.1807,0.004655,-0.1615,-0.1099,-0.05962,-0.001419,0.07621,0.225,0.3782,0.4693,0.5454
1,s[10],0.2255,0.2442,0.008054,-0.09622,-0.05641,-0.01943,0.02588,0.1667,0.3767,0.5845,0.7032,0.7968
1.003,s[11],-0.3327,0.3499,0.01228,-1.154,-1.026,-0.8579,-0.5522,-0.245,-0.03999,0.01869,0.06018,0.1068
0.9955,s[12],0.0547,0.2037,0.004384,-0.3036,-0.234,-0.1597,-0.05515,0.01613,0.1423,0.3286,0.4574,0.5657
1.001,s[13],0.134,0.2301,0.005039,-0.266,-0.187,-0.1077,-0.009643,0.091,0.2691,0.4488,0.5604,0.6606
0.9992,s[14],-0.06569,0.174,0.003063,-0.4545,-0.3836,-0.3017,-0.1637,-0.03473,0.03327,0.1254,0.1918,0.2542
0.9991,s[15],-0.1617,0.3073,0.009193,-0.8766,-0.7374,-0.5873,-0.34,-0.1022,0.02766,0.1668,0.27,0.3723
0.9987,s[16],-0.1646,0.3163,0.007514,-0.982,-0.8152,-0.6157,-0.3101,-0.07308,0.0267,0.141,0.2234,0.2956
0.9954,s[17],-0.33,0.3273,0.01181,-1.04,-0.9351,-0.8083,-0.5601,-0.2673,-0.04827,0.01734,0.0625,0.1148
1.001,s[18],-0.1991,0.2176,0.006093,-0.6873,-0.6036,-0.5063,-0.3429,-0.1594,-0.02106,0.02615,0.06915,0.1172
1.001,s[19],-0.06173,0.172,0.002699,-0.4501,-0.3749,-0.2901,-0.1545,-0.03411,0.03112,0.1254,0.1964,0.2649
0.9984,s[20],-0.2676,0.2678,0.008904,-0.8505,-0.7565,-0.6471,-0.4537,-0.2233,-0.03893,0.01985,0.06534,0.1142
1,s[21],-0.2503,0.2678,0.008344,-0.8751,-0.779,-0.6485,-0.4177,-0.1875,-0.02984,0.01962,0.05993,0.1045
0.9985,s[22],-0.00688,0.1702,0.002187,-0.367,-0.2937,-0.2129,-0.09514,-0.003232,0.07881,0.1992,0.281,0.3551
0.9941,s[23],0.09165,0.2227,0.005485,-0.3119,-0.2321,-0.147,-0.03437,0.0495,0.2131,0.3949,0.5084,0.6093
1.001,s[24],0.04269,0.1908,0.003454,-0.3366,-0.2573,-0.1747,-0.05891,0.01962,0.1448,0.2896,0.3825,0.4656
0.9978,s[25],-0.253,0.2788,0.007768,-0.8603,-0.764,-0.6505,-0.4423,-0.2026,-0.02549,0.04048,0.1017,0.1657
0.9981,s[26],0.0951,0.2216,0.004987,-0.2968,-0.2225,-0.1443,-0.03429,0.04968,0.2213,0.4046,0.5102,0.5977
1.003,s[27],-0.003187,0.1853,0.001581,-0.3852,-0.3095,-0.2295,-0.104,-0.002639,0.09243,0.2262,0.315,0.393
0.9993,s[28],0.2096,0.3361,0.008053,-0.3774,-0.2733,-0.1632,-0.01398,0.1543,0.4319,0.6744,0.8117,0.9309
1.001,s[29],0.006553,0.1751,0.001382,-0.3583,-0.2855,-0.2039,-0.08369,0.001639,0.09623,0.2208,0.3048,0.3838
0.9935,s[30],-0.2157,0.3968,0.01536,-1.189,-0.9862,-0.7611,-0.4203,-0.1224,0.01953,0.1736,0.3038,0.438
0.9993,s[31],0.02826,0.1748,0.003094,-0.3478,-0.2613,-0.1743,-0.0565,0.0156,0.1208,0.2454,0.3256,0.3991
